imageName,Class
Db_clustring\2Classes/350000.jpg,0
Db_clustring\2Classes/350001.jpg,0
Db_clustring\2Classes/350002.jpg,0
Db_clustring\2Classes/350003.jpg,0
Db_clustring\2Classes/350004.jpg,0
Db_clustring\2Classes/350005.jpg,0
Db_clustring\2Classes/350006.jpg,0
Db_clustring\2Classes/350007.jpg,0
Db_clustring\2Classes/350008.jpg,0
Db_clustring\2Classes/350009.jpg,0
Db_clustring\2Classes/350010.jpg,0
Db_clustring\2Classes/350011.jpg,1
Db_clustring\2Classes/350012.jpg,0
Db_clustring\2Classes/350013.jpg,0
Db_clustring\2Classes/350014.jpg,0
Db_clustring\2Classes/350015.jpg,0
Db_clustring\2Classes/350016.jpg,0
Db_clustring\2Classes/350017.jpg,0
Db_clustring\2Classes/350018.jpg,0
Db_clustring\2Classes/350019.jpg,0
Db_clustring\2Classes/350020.jpg,0
Db_clustring\2Classes/350021.jpg,0
Db_clustring\2Classes/350022.jpg,0
Db_clustring\2Classes/350023.jpg,0
Db_clustring\2Classes/350024.jpg,0
Db_clustring\2Classes/350025.jpg,0
Db_clustring\2Classes/350026.jpg,0
Db_clustring\2Classes/350027.jpg,0
Db_clustring\2Classes/350028.jpg,0
Db_clustring\2Classes/350029.jpg,0
Db_clustring\2Classes/350030.jpg,0
Db_clustring\2Classes/350031.jpg,1
Db_clustring\2Classes/350032.jpg,0
Db_clustring\2Classes/350033.jpg,0
Db_clustring\2Classes/350034.jpg,1
Db_clustring\2Classes/350035.jpg,0
Db_clustring\2Classes/350036.jpg,0
Db_clustring\2Classes/350037.jpg,0
Db_clustring\2Classes/350038.jpg,0
Db_clustring\2Classes/350039.jpg,0
Db_clustring\2Classes/350040.jpg,0
Db_clustring\2Classes/350041.jpg,0
Db_clustring\2Classes/350042.jpg,1
Db_clustring\2Classes/350043.jpg,0
Db_clustring\2Classes/350044.jpg,0
Db_clustring\2Classes/350045.jpg,0
Db_clustring\2Classes/350046.jpg,0
Db_clustring\2Classes/350047.jpg,0
Db_clustring\2Classes/350048.jpg,0
Db_clustring\2Classes/350049.jpg,0
Db_clustring\2Classes/350050.jpg,0
Db_clustring\2Classes/350051.jpg,0
Db_clustring\2Classes/350052.jpg,0
Db_clustring\2Classes/350053.jpg,0
Db_clustring\2Classes/350054.jpg,0
Db_clustring\2Classes/350055.jpg,0
Db_clustring\2Classes/350056.jpg,0
Db_clustring\2Classes/350057.jpg,0
Db_clustring\2Classes/350058.jpg,0
Db_clustring\2Classes/350059.jpg,0
Db_clustring\2Classes/350060.jpg,0
Db_clustring\2Classes/350061.jpg,0
Db_clustring\2Classes/350062.jpg,0
Db_clustring\2Classes/350063.jpg,0
Db_clustring\2Classes/350064.jpg,0
Db_clustring\2Classes/350065.jpg,0
Db_clustring\2Classes/350066.jpg,0
Db_clustring\2Classes/350067.jpg,0
Db_clustring\2Classes/350068.jpg,0
Db_clustring\2Classes/350069.jpg,0
Db_clustring\2Classes/350070.jpg,0
Db_clustring\2Classes/350071.jpg,0
Db_clustring\2Classes/350072.jpg,0
Db_clustring\2Classes/350073.jpg,0
Db_clustring\2Classes/350074.jpg,0
Db_clustring\2Classes/350075.jpg,0
Db_clustring\2Classes/350076.jpg,0
Db_clustring\2Classes/350077.jpg,0
Db_clustring\2Classes/350078.jpg,1
Db_clustring\2Classes/350079.jpg,0
Db_clustring\2Classes/350080.jpg,1
Db_clustring\2Classes/350081.jpg,0
Db_clustring\2Classes/350082.jpg,0
Db_clustring\2Classes/350083.jpg,0
Db_clustring\2Classes/350084.jpg,0
Db_clustring\2Classes/350085.jpg,0
Db_clustring\2Classes/350086.jpg,0
Db_clustring\2Classes/350087.jpg,0
Db_clustring\2Classes/350088.jpg,0
Db_clustring\2Classes/350089.jpg,0
Db_clustring\2Classes/350090.jpg,0
Db_clustring\2Classes/350091.jpg,1
Db_clustring\2Classes/350092.jpg,0
Db_clustring\2Classes/350093.jpg,0
Db_clustring\2Classes/350094.jpg,0
Db_clustring\2Classes/350095.jpg,0
Db_clustring\2Classes/350096.jpg,0
Db_clustring\2Classes/350097.jpg,0
Db_clustring\2Classes/350098.jpg,0
Db_clustring\2Classes/350099.jpg,1
Db_clustring\2Classes/425000.jpg,1
Db_clustring\2Classes/425001.jpg,0
Db_clustring\2Classes/425002.jpg,1
Db_clustring\2Classes/425003.jpg,0
Db_clustring\2Classes/425004.jpg,0
Db_clustring\2Classes/425005.jpg,0
Db_clustring\2Classes/425006.jpg,1
Db_clustring\2Classes/425007.jpg,0
Db_clustring\2Classes/425008.jpg,1
Db_clustring\2Classes/425009.jpg,1
Db_clustring\2Classes/425010.jpg,1
Db_clustring\2Classes/425011.jpg,0
Db_clustring\2Classes/425012.jpg,1
Db_clustring\2Classes/425013.jpg,1
Db_clustring\2Classes/425014.jpg,0
Db_clustring\2Classes/425015.jpg,1
Db_clustring\2Classes/425016.jpg,0
Db_clustring\2Classes/425017.jpg,1
Db_clustring\2Classes/425018.jpg,0
Db_clustring\2Classes/425019.jpg,1
Db_clustring\2Classes/425020.jpg,0
Db_clustring\2Classes/425021.jpg,0
Db_clustring\2Classes/425022.jpg,0
Db_clustring\2Classes/425023.jpg,1
Db_clustring\2Classes/425024.jpg,0
Db_clustring\2Classes/425025.jpg,0
Db_clustring\2Classes/425026.jpg,0
Db_clustring\2Classes/425027.jpg,1
Db_clustring\2Classes/425028.jpg,1
Db_clustring\2Classes/425029.jpg,1
Db_clustring\2Classes/425030.jpg,1
Db_clustring\2Classes/425031.jpg,1
Db_clustring\2Classes/425032.jpg,1
Db_clustring\2Classes/425033.jpg,1
Db_clustring\2Classes/425034.jpg,1
Db_clustring\2Classes/425035.jpg,1
Db_clustring\2Classes/425036.jpg,1
Db_clustring\2Classes/425037.jpg,1
Db_clustring\2Classes/425038.jpg,1
Db_clustring\2Classes/425039.jpg,0
Db_clustring\2Classes/425040.jpg,1
Db_clustring\2Classes/425041.jpg,0
Db_clustring\2Classes/425042.jpg,0
Db_clustring\2Classes/425043.jpg,0
Db_clustring\2Classes/425044.jpg,0
Db_clustring\2Classes/425045.jpg,1
Db_clustring\2Classes/425046.jpg,0
Db_clustring\2Classes/425047.jpg,1
Db_clustring\2Classes/425048.jpg,1
Db_clustring\2Classes/425049.jpg,0
Db_clustring\2Classes/425050.jpg,0
Db_clustring\2Classes/425051.jpg,1
Db_clustring\2Classes/425052.jpg,0
Db_clustring\2Classes/425053.jpg,1
Db_clustring\2Classes/425054.jpg,0
Db_clustring\2Classes/425055.jpg,1
Db_clustring\2Classes/425056.jpg,0
Db_clustring\2Classes/425057.jpg,0
Db_clustring\2Classes/425058.jpg,0
Db_clustring\2Classes/425059.jpg,0
Db_clustring\2Classes/425060.jpg,1
Db_clustring\2Classes/425061.jpg,0
Db_clustring\2Classes/425062.jpg,0
Db_clustring\2Classes/425063.jpg,0
Db_clustring\2Classes/425064.jpg,0
Db_clustring\2Classes/425065.jpg,0
Db_clustring\2Classes/425066.jpg,0
Db_clustring\2Classes/425067.jpg,0
Db_clustring\2Classes/425068.jpg,0
Db_clustring\2Classes/425069.jpg,0
Db_clustring\2Classes/425070.jpg,0
Db_clustring\2Classes/425071.jpg,1
Db_clustring\2Classes/425072.jpg,1
Db_clustring\2Classes/425073.jpg,0
Db_clustring\2Classes/425074.jpg,1
Db_clustring\2Classes/425075.jpg,0
Db_clustring\2Classes/425076.jpg,0
Db_clustring\2Classes/425077.jpg,1
Db_clustring\2Classes/425078.jpg,1
Db_clustring\2Classes/425079.jpg,1
Db_clustring\2Classes/425080.jpg,1
Db_clustring\2Classes/425081.jpg,1
Db_clustring\2Classes/425082.jpg,1
Db_clustring\2Classes/425083.jpg,1
Db_clustring\2Classes/425084.jpg,1
Db_clustring\2Classes/425085.jpg,1
Db_clustring\2Classes/425086.jpg,0
Db_clustring\2Classes/425087.jpg,0
Db_clustring\2Classes/425088.jpg,0
Db_clustring\2Classes/425089.jpg,0
Db_clustring\2Classes/425090.jpg,1
Db_clustring\2Classes/425091.jpg,1
Db_clustring\2Classes/425092.jpg,1
Db_clustring\2Classes/425093.jpg,0
Db_clustring\2Classes/425094.jpg,0
Db_clustring\2Classes/425095.jpg,0
Db_clustring\2Classes/425096.jpg,1
Db_clustring\2Classes/425097.jpg,1
Db_clustring\2Classes/425098.jpg,1
Db_clustring\2Classes/425099.jpg,1
